CREATE DATABASE Sdp;

-- Guidelines:
-- Calculation Tables => Front end (HTML)
-- Data Tables        => Back end  (Insert into DB)
-- heroku pg:psql postgresql-triangular-19689 --app amirul-web-app

CREATE TABLE Structure (
    product_subcategory TEXT NOT NULL,
    product_type TEXT NOT NULL,
    product_name TEXT NOT NULL,
    functional_unit VARCHAR(10),
    gwp_per_funct_unit TEXT,
    recommended_shipping_method TEXT,
    available_shipping_method TEXT NOT NULL,
    PRIMARY KEY(product_subcategory, product_type, product_name, available_shipping_method)
);

/*
('', '', '', '', '', '', ''),
('Adhesives (Structure)', '', '', '', '', 'Container', 'Bulk Carrier'),
('Adhesives (Structure)', '', '', '', '', 'Container', 'Container'),
('Adhesives (Structure)', '', '', '', '', 'Container', 'General Cargo'),
('Aggregate', '', '', '', '', 'Container', 'Bulk Carrier'),
('Aggregate', '', '', '', '', 'Container', 'Container'),
('Aggregate', '', '', '', '', 'Container', 'General Cargo'),
('Bonding Agent', '', '', '', '', 'Container', 'Bulk Carrier'),
('Bonding Agent', '', '', '', '', 'Container', 'Container'),
('Bonding Agent', '', '', '', '', 'Container', 'General Cargo'),
('Cement', '', '', '', '', 'Bulk Carrier', 'Bulk Carrier'),
('Concrete', '', '', '', '', 'Container', 'Bulk Carrier'),
('Concrete', '', '', '', '', 'Container', 'Container'),
('Concrete', '', '', '', '', 'Container', 'General Cargo'),
('Mortar (Structure)', '', '', '', '', 'Container', 'Bulk Carrier'),
('Mortar (Structure)', '', '', '', '', 'Container', 'Container'),
('Mortar (Structure)', '', '', '', '', 'Container', 'General Cargo'),
('Slag', '', '', '', '', 'Container', 'Bulk Carrier'),
('Slag', '', '', '', '', 'Container', 'Container'),
('Slag', '', '', '', '', 'Container', 'General Cargo'),
('Steel', '', '', '', '', 'Bulk Carrier', 'Bulk Carrier'),
('Steel Roofing Deck', '', '', '', '', 'Container', 'Bulk Carrier'),
('Steel Roofing Deck', '', '', '', '', 'Container', 'Container'),
('Steel Roofing Deck', '', '', '', '', 'Container', 'General Cargo'),

=IFERROR(VLOOKUP(C8,'Structure Database'!$D$4:$P$495,13,FALSE),
	     "")
=IFERROR(VLOOKUP(Structure!C26,'Structure Database'!$D$4:$R$495,15,FALSE),
	     "")

=IF(OR(A16="Cement", A16="Steel"), 
	"Bulk Carrier", 
	IF(AND(A16<>"Cement", A16<>"Steel", A16<>""),
		"Container",
		"")
	)

=IF(OR(A23="Cement",A23="Steel"),
	BulkCarrier,
	ShippingType)

*/
1) Column J, K
2) Column L
3) Column NOPQ
4) Insert into Database
5) Data retrieval and pack it into dictionary
6) Javascript validation and Calculation


INSERT INTO Structure VALUES
('Adhesives (Structure)', 'Mineral Mortar Adhesive', '', '', '', 'Container', 'Bulk Carrier'),
('Adhesives (Structure)', 'Mineral Mortar Adhesive', '', '', '', 'Container', 'Container'),
('Adhesives (Structure)', 'Mineral Mortar Adhesive', '', '', '', 'Container', 'General Cargo'),
('Aggregate', 'Aggregate', '', '', '', 'Container', 'Bulk Carrier'),
('Aggregate', 'Aggregate', '', '', '', 'Container', 'Container'),
('Aggregate', 'Aggregate', '', '', '', 'Container', 'General Cargo'),
('Aggregate', 'Aggregate', 'Aggregate, Sub base, crushed once', 'kg', '0.0023', 'Container', 'Bulk Carrier'),
('Aggregate', 'Aggregate', 'Aggregate, Sub base, crushed once', 'kg', '0.0023', 'Container', 'Container'),
('Aggregate', 'Aggregate', 'Aggregate, Sub base, crushed once', 'kg', '0.0023', 'Container', 'General Cargo'),
('Aggregate', 'Aggregate', 'Aggregate, Macadam, crushed once', 'kg', '0.0023', 'Container', 'Bulk Carrier'),
('Aggregate', 'Aggregate', 'Aggregate, Macadam, crushed once', 'kg', '0.0023', 'Container', 'Container'),
('Aggregate', 'Aggregate', 'Aggregate, Macadam, crushed once', 'kg', '0.0023', 'Container', 'General Cargo'),
('Aggregate', 'Aggregate', 'Aggregate, Crushed Rock, crushed twice', 'kg', '0.0026', 'Container', 'Bulk Carrier'),
('Aggregate', 'Aggregate', 'Aggregate, Crushed Rock, crushed twice', 'kg', '0.0026', 'Container', 'Container'),
('Aggregate', 'Aggregate', 'Aggregate, Crushed Rock, crushed twice', 'kg', '0.0026', 'Container', 'General Cargo'),
('Aggregate', 'Aggregate', 'Aggregate, Base Course, crushed twice', 'kg', '0.0026', 'Container', 'Bulk Carrier'),
('Aggregate', 'Aggregate', 'Aggregate, Base Course, crushed twice', 'kg', '0.0026', 'Container', 'Container'),
('Aggregate', 'Aggregate', 'Aggregate, Base Course, crushed twice', 'kg', '0.0026', 'Container', 'General Cargo'),
('Aggregate', 'Aggregate', 'Aggregate, Sub base, crushed twice', 'kg', '0.0026', 'Container', 'Bulk Carrier'),
('Aggregate', 'Aggregate', 'Aggregate, Sub base, crushed twice', 'kg', '0.0026', 'Container', 'Container'),
('Aggregate', 'Aggregate', 'Aggregate, Sub base, crushed twice', 'kg', '0.0026', 'Container', 'General Cargo'),
('Aggregate', 'Aggregate', 'Aggregate, Macadam, crushed twice', 'kg', '0.0026', 'Container', 'Bulk Carrier'),
('Aggregate', 'Aggregate', 'Aggregate, Macadam, crushed twice', 'kg', '0.0026', 'Container', 'Container'),
('Aggregate', 'Aggregate', 'Aggregate, Macadam, crushed twice', 'kg', '0.0026', 'Container', 'General Cargo'),
('Aggregate', 'Aggregate', 'Aggregate, Railway Macadam, crushed twice', 'kg', '0.0026', 'Container', 'Bulk Carrier'),
('Aggregate', 'Aggregate', 'Aggregate, Railway Macadam, crushed twice', 'kg', '0.0026', 'Container', 'Container'),
('Aggregate', 'Aggregate', 'Aggregate, Railway Macadam, crushed twice', 'kg', '0.0026', 'Container', 'General Cargo'),
('Aggregate', 'Aggregate', 'Aggregate, Rock Fines, crushed thrice', 'kg', '0.0026', 'Container', 'Bulk Carrier'),
('Aggregate', 'Aggregate', 'Aggregate, Rock Fines, crushed thrice', 'kg', '0.0026', 'Container', 'Container'),
('Aggregate', 'Aggregate', 'Aggregate, Rock Fines, crushed thrice', 'kg', '0.0026', 'Container', 'General Cargo'),
('Aggregate', 'Aggregate', 'Aggregate, Crushed Rock, crushed thrice', 'kg', '0.0026', 'Container', 'Bulk Carrier'),
('Aggregate', 'Aggregate', 'Aggregate, Crushed Rock, crushed thrice', 'kg', '0.0026', 'Container', 'Container'),
('Aggregate', 'Aggregate', 'Aggregate, Crushed Rock, crushed thrice', 'kg', '0.0026', 'Container', 'General Cargo'),
('Aggregate', 'Aggregate', 'Aggregate, Macadam, crushed thrice', 'kg', '0.0026', 'Container', 'Bulk Carrier'),
('Aggregate', 'Aggregate', 'Aggregate, Macadam, crushed thrice', 'kg', '0.0026', 'Container', 'Container'),
('Aggregate', 'Aggregate', 'Aggregate, Macadam, crushed thrice', 'kg', '0.0026', 'Container', 'General Cargo'),
('Aggregate', 'Aggregate', 'Aggregate, Macadam, crushed thrice, Salt Mixed', 'kg', '0.0037', 'Container', 'Bulk Carrier'),
('Aggregate', 'Aggregate', 'Aggregate, Macadam, crushed thrice, Salt Mixed', 'kg', '0.0037', 'Container', 'Container'),
('Aggregate', 'Aggregate', 'Aggregate, Macadam, crushed thrice, Salt Mixed', 'kg', '0.0037', 'Container', 'General Cargo'),
('Aggregate', 'Aggregate', 'Aggregate, Washed', 'kg', '0.016', 'Container', 'Bulk Carrier'),
('Aggregate', 'Aggregate', 'Aggregate, Washed', 'kg', '0.016', 'Container', 'Container'),
('Aggregate', 'Aggregate', 'Aggregate, Washed', 'kg', '0.016', 'Container', 'General Cargo'),
('Aggregate', 'Aggregate', 'Aggregate, Sand,Gravel Substitute for Concrete, Feldspar Substitue for Ceramic', 'kg', '101.662', 'Container', 'Bulk Carrier'),
('Aggregate', 'Aggregate', 'Aggregate, Sand,Gravel Substitute for Concrete, Feldspar Substitue for Ceramic', 'kg', '101.662', 'Container', 'Container'),
('Aggregate', 'Aggregate', 'Aggregate, Sand,Gravel Substitute for Concrete, Feldspar Substitue for Ceramic', 'kg', '101.662', 'Container', 'General Cargo'),
('Aggregate', 'Aggregate', 'Aggregate, Granite, 75mm (Diameter)', 'kg', '0.0017', 'Container', 'Bulk Carrier'),
('Aggregate', 'Aggregate', 'Aggregate, Granite, 75mm (Diameter)', 'kg', '0.0017', 'Container', 'Container'),
('Aggregate', 'Aggregate', 'Aggregate, Granite, 75mm (Diameter)', 'kg', '0.0017', 'Container', 'General Cargo'),
('Aggregate', 'Aggregate', 'Aggregate, Granite, 45mm (Diameter)', 'kg', '0.00308', 'Container', 'Bulk Carrier'),
('Aggregate', 'Aggregate', 'Aggregate, Granite, 45mm (Diameter)', 'kg', '0.00308', 'Container', 'Container'),
('Aggregate', 'Aggregate', 'Aggregate, Granite, 45mm (Diameter)', 'kg', '0.00308', 'Container', 'General Cargo'),
('Aggregate', 'Aggregate', 'Aggregate, Granite, 22.5mm (Diameter)', 'kg', '0.00308', 'Container', 'Bulk Carrier'),
('Aggregate', 'Aggregate', 'Aggregate, Granite, 22.5mm (Diameter)', 'kg', '0.00308', 'Container', 'Container'),
('Aggregate', 'Aggregate', 'Aggregate, Granite, 22.5mm (Diameter)', 'kg', '0.00308', 'Container', 'General Cargo'),
('Aggregate', 'Aggregate', 'Aggregate, Granite, 47.5mm (Diameter)', 'kg', '0.00308', 'Container', 'Bulk Carrier'),
('Aggregate', 'Aggregate', 'Aggregate, Granite, 47.5mm (Diameter)', 'kg', '0.00308', 'Container', 'Container'),
('Aggregate', 'Aggregate', 'Aggregate, Granite, 47.5mm (Diameter)', 'kg', '0.00308', 'Container', 'General Cargo'),
('Aggregate', 'Aggregate', 'Aggregate, Granite, 4mm (Diameter)', 'kg', '0.00392', 'Container', 'Bulk Carrier'),
('Aggregate', 'Aggregate', 'Aggregate, Granite, 4mm (Diameter)', 'kg', '0.00392', 'Container', 'Container'),
('Aggregate', 'Aggregate', 'Aggregate, Granite, 4mm (Diameter)', 'kg', '0.00392', 'Container', 'General Cargo'),
('Aggregate', 'Aggregate', 'Aggregate, Granite, 8mm (Diameter)', 'kg', '0.00308', 'Container', 'Bulk Carrier'),
('Aggregate', 'Aggregate', 'Aggregate, Granite, 8mm (Diameter)', 'kg', '0.00308', 'Container', 'Container'),
('Aggregate', 'Aggregate', 'Aggregate, Granite, 8mm (Diameter)', 'kg', '0.00308', 'Container', 'General Cargo'),
('Aggregate', 'Aggregate', 'Aggregate, Granite, 16mm (Diameter)', 'kg', '0.00316', 'Container', 'Bulk Carrier'),
('Aggregate', 'Aggregate', 'Aggregate, Granite, 16mm (Diameter)', 'kg', '0.00316', 'Container', 'Container'),
('Aggregate', 'Aggregate', 'Aggregate, Granite, 16mm (Diameter)', 'kg', '0.00316', 'Container', 'General Cargo'),
('Aggregate', 'Aggregate', 'Aggregate, Granite, 2mm (Diameter)', 'kg', '0.00392', 'Container', 'Bulk Carrier'),
('Aggregate', 'Aggregate', 'Aggregate, Granite, 2mm (Diameter)', 'kg', '0.00392', 'Container', 'Container'),
('Aggregate', 'Aggregate', 'Aggregate, Granite, 2mm (Diameter)', 'kg', '0.00392', 'Container', 'General Cargo'),
('Aggregate', 'Aggregate', 'Aggregate, Granite, 13.5mm (Diameter)', 'kg', '0.00392', 'Container', 'Bulk Carrier'),
('Aggregate', 'Aggregate', 'Aggregate, Granite, 13.5mm (Diameter)', 'kg', '0.00392', 'Container', 'Container'),
('Aggregate', 'Aggregate', 'Aggregate, Granite, 13.5mm (Diameter)', 'kg', '0.00392', 'Container', 'General Cargo'),
('Aggregate', 'Aggregate', 'Aggregate, Granite, 19mm (Diameter)', 'kg', '0.00392', 'Container', 'Bulk Carrier'),
('Aggregate', 'Aggregate', 'Aggregate, Granite, 19mm (Diameter)', 'kg', '0.00392', 'Container', 'Container'),
('Aggregate', 'Aggregate', 'Aggregate, Granite, 19mm (Diameter)', 'kg', '0.00392', 'Container', 'General Cargo'),
('Aggregate', 'Aggregate', 'Aggregate, Granite, 1mm (Diameter)', 'kg', '0.00392', 'Container', 'Bulk Carrier'),
('Aggregate', 'Aggregate', 'Aggregate, Granite, 1mm (Diameter)', 'kg', '0.00392', 'Container', 'Container'),
('Aggregate', 'Aggregate', 'Aggregate, Granite, 1mm (Diameter)', 'kg', '0.00392', 'Container', 'General Cargo'),
('Aggregate', 'Aggregate', 'Aggregate, Granite, 3.5mm (Diameter)', 'kg', '0.00392', 'Container', 'Bulk Carrier'),
('Aggregate', 'Aggregate', 'Aggregate, Granite, 3.5mm (Diameter)', 'kg', '0.00392', 'Container', 'Container'),
('Aggregate', 'Aggregate', 'Aggregate, Granite, 3.5mm (Diameter)', 'kg', '0.00392', 'Container', 'General Cargo'),
('Aggregate', 'Aggregate', 'Aggregate, Granite, 9.5mm (Diameter)', 'kg', '0.00392', 'Container', 'Bulk Carrier'),
('Aggregate', 'Aggregate', 'Aggregate, Granite, 9.5mm (Diameter)', 'kg', '0.00392', 'Container', 'Container'),
('Aggregate', 'Aggregate', 'Aggregate, Granite, 9.5mm (Diameter)', 'kg', '0.00392', 'Container', 'General Cargo'),
('Aggregate', 'Aggregate', 'Aggregate, Granite, Cubical Shaped, 2mm (Diameter)', 'kg', '0.00392', 'Container', 'Bulk Carrier'),
('Aggregate', 'Aggregate', 'Aggregate, Granite, Cubical Shaped, 2mm (Diameter)', 'kg', '0.00392', 'Container', 'Container'),
('Aggregate', 'Aggregate', 'Aggregate, Granite, Cubical Shaped, 2mm (Diameter)', 'kg', '0.00392', 'Container', 'General Cargo'),
('Aggregate', 'Aggregate', 'Aggregate, Granite, Cubical Shaped, 6mm (Diameter)', 'kg', '0.00392', 'Container', 'Bulk Carrier'),
('Aggregate', 'Aggregate', 'Aggregate, Granite, Cubical Shaped, 6mm (Diameter)', 'kg', '0.00392', 'Container', 'Container'),
('Aggregate', 'Aggregate', 'Aggregate, Granite, Cubical Shaped, 6mm (Diameter)', 'kg', '0.00392', 'Container', 'General Cargo'),
('Aggregate', 'Aggregate', 'Aggregate, Granite, Cubical Shaped, 9.5mm (Diameter)', 'kg', '0.00392', 'Container', 'Bulk Carrier'),
('Aggregate', 'Aggregate', 'Aggregate, Granite, Cubical Shaped, 9.5mm (Diameter)', 'kg', '0.00392', 'Container', 'Container'),
('Aggregate', 'Aggregate', 'Aggregate, Granite, Cubical Shaped, 9.5mm (Diameter)', 'kg', '0.00392', 'Container', 'General Cargo'),
('Aggregate', 'Aggregate', 'Aggregate, Granite, Cubical Shaped, 13.5mm (Diameter)', 'kg', '0.00392', 'Container', 'Bulk Carrier'),
('Aggregate', 'Aggregate', 'Aggregate, Granite, Cubical Shaped, 13.5mm (Diameter)', 'kg', '0.00392', 'Container', 'Container'),
('Aggregate', 'Aggregate', 'Aggregate, Granite, Cubical Shaped, 13.5mm (Diameter)', 'kg', '0.00392', 'Container', 'General Cargo'),
('Aggregate', 'Aggregate', 'Aggregate, Blasted Rock', 'kg', '0.00163', 'Container', 'Bulk Carrier'),
('Aggregate', 'Aggregate', 'Aggregate, Blasted Rock', 'kg', '0.00163', 'Container', 'Container'),
('Aggregate', 'Aggregate', 'Aggregate, Blasted Rock', 'kg', '0.00163', 'Container', 'General Cargo'),
('Aggregate', 'Aggregate', 'Aggregate, 125mm (Particle Size)', 'kg', '0.00198', 'Container', 'Bulk Carrier'),
('Aggregate', 'Aggregate', 'Aggregate, 125mm (Particle Size)', 'kg', '0.00198', 'Container', 'Container'),
('Aggregate', 'Aggregate', 'Aggregate, 125mm (Particle Size)', 'kg', '0.00198', 'Container', 'General Cargo'),
('Aggregate', 'Aggregate', 'Aggregate, 75mm (Particle Size)', 'kg', '0.00215', 'Container', 'Bulk Carrier'),
('Aggregate', 'Aggregate', 'Aggregate, 75mm (Particle Size)', 'kg', '0.00215', 'Container', 'Container'),
('Aggregate', 'Aggregate', 'Aggregate, 75mm (Particle Size)', 'kg', '0.00215', 'Container', 'General Cargo'),
('Aggregate', 'Aggregate', 'Aggregate, 45mm (Particle Size)', 'kg', '0.00215', 'Container', 'Bulk Carrier'),
('Aggregate', 'Aggregate', 'Aggregate, 45mm (Particle Size)', 'kg', '0.00215', 'Container', 'Container'),
('Aggregate', 'Aggregate', 'Aggregate, 45mm (Particle Size)', 'kg', '0.00215', 'Container', 'General Cargo'),
('Aggregate', 'Aggregate', 'Aggregate, 16mm (Particle Size)', 'kg', '0.00202', 'Container', 'Bulk Carrier'),
('Aggregate', 'Aggregate', 'Aggregate, 16mm (Particle Size)', 'kg', '0.00202', 'Container', 'Container'),
('Aggregate', 'Aggregate', 'Aggregate, 16mm (Particle Size)', 'kg', '0.00202', 'Container', 'General Cargo'),
('Aggregate', 'Aggregate', 'Aggregate, 47.5mm (Particle Size)', 'kg', '0.00224', 'Container', 'Bulk Carrier'),
('Aggregate', 'Aggregate', 'Aggregate, 47.5mm (Particle Size)', 'kg', '0.00224', 'Container', 'Container'),
('Aggregate', 'Aggregate', 'Aggregate, 47.5mm (Particle Size)', 'kg', '0.00224', 'Container', 'General Cargo'),
('Aggregate', 'Aggregate', 'Aggregate, 8mm (Particle Size)', 'kg', '0.00224', 'Container', 'Bulk Carrier'),
('Aggregate', 'Aggregate', 'Aggregate, 8mm (Particle Size)', 'kg', '0.00224', 'Container', 'Container'),
('Aggregate', 'Aggregate', 'Aggregate, 8mm (Particle Size)', 'kg', '0.00224', 'Container', 'General Cargo'),
('Aggregate', 'Aggregate', 'Aggregate, 4mm (Particle Size)', 'kg', '0.00224', 'Container', 'Bulk Carrier'),
('Aggregate', 'Aggregate', 'Aggregate, 4mm (Particle Size)', 'kg', '0.00224', 'Container', 'Container'),
('Aggregate', 'Aggregate', 'Aggregate, 4mm (Particle Size)', 'kg', '0.00224', 'Container', 'General Cargo'),
('Aggregate', 'Aggregate', 'Aggregate, 2.5mm (Particle Size)', 'kg', '0.00224', 'Container', 'Bulk Carrier'),
('Aggregate', 'Aggregate', 'Aggregate, 2.5mm (Particle Size)', 'kg', '0.00224', 'Container', 'Container'),
('Aggregate', 'Aggregate', 'Aggregate, 2.5mm (Particle Size)', 'kg', '0.00224', 'Container', 'General Cargo'),
('Aggregate', 'Aggregate', 'Aggregate, 19mm (Particle Size)', 'kg', '0.00225', 'Container', 'Bulk Carrier'),
('Aggregate', 'Aggregate', 'Aggregate, 19mm (Particle Size)', 'kg', '0.00225', 'Container', 'Container'),
('Aggregate', 'Aggregate', 'Aggregate, 19mm (Particle Size)', 'kg', '0.00225', 'Container', 'General Cargo'),
('Aggregate', 'Aggregate', 'Aggregate, 24mm (Particle Size)', 'kg', '0.00225', 'Container', 'Bulk Carrier'),
('Aggregate', 'Aggregate', 'Aggregate, 24mm (Particle Size)', 'kg', '0.00225', 'Container', 'Container'),
('Aggregate', 'Aggregate', 'Aggregate, 24mm (Particle Size)', 'kg', '0.00225', 'Container', 'General Cargo'),
('Aggregate', 'Aggregate', 'Aggregate, 9.5mm (Particle Size)', 'kg', '0.00226', 'Container', 'Bulk Carrier'),
('Aggregate', 'Aggregate', 'Aggregate, 9.5mm (Particle Size)', 'kg', '0.00226', 'Container', 'Container'),
('Aggregate', 'Aggregate', 'Aggregate, 9.5mm (Particle Size)', 'kg', '0.00226', 'Container', 'General Cargo'),
('Aggregate', 'Aggregate', 'Aggregate, 13.5mm (Particle Size)', 'kg', '0.00226', 'Container', 'Bulk Carrier'),
('Aggregate', 'Aggregate', 'Aggregate, 13.5mm (Particle Size)', 'kg', '0.00226', 'Container', 'Container'),
('Aggregate', 'Aggregate', 'Aggregate, 13.5mm (Particle Size)', 'kg', '0.00226', 'Container', 'General Cargo'),
('Aggregate', 'Aggregate', 'Aggregate, 12mm (Particle Size)', 'kg', '0.00226', 'Container', 'Bulk Carrier'),
('Aggregate', 'Aggregate', 'Aggregate, 12mm (Particle Size)', 'kg', '0.00226', 'Container', 'Container'),
('Aggregate', 'Aggregate', 'Aggregate, 12mm (Particle Size)', 'kg', '0.00226', 'Container', 'General Cargo'),
('Aggregate', 'Aggregate', 'Aggregate, 1mm (Particle Size)', 'kg', '0.00227', 'Container', 'Bulk Carrier'),
('Aggregate', 'Aggregate', 'Aggregate, 1mm (Particle Size)', 'kg', '0.00227', 'Container', 'Container'),
('Aggregate', 'Aggregate', 'Aggregate, 1mm (Particle Size)', 'kg', '0.00227', 'Container', 'General Cargo'),
('Aggregate', 'Aggregate', 'Aggregate, 3.5mm (Particle Size)', 'kg', '0.00227', 'Container', 'Bulk Carrier'),
('Aggregate', 'Aggregate', 'Aggregate, 3.5mm (Particle Size)', 'kg', '0.00227', 'Container', 'Container'),
('Aggregate', 'Aggregate', 'Aggregate, 3.5mm (Particle Size)', 'kg', '0.00227', 'Container', 'General Cargo'),
('Aggregate', 'Aggregate', 'Aggregate, 5mm (Particle Size)', 'kg', '0.00227', 'Container', 'Bulk Carrier'),
('Aggregate', 'Aggregate', 'Aggregate, 5mm (Particle Size)', 'kg', '0.00227', 'Container', 'Container'),
('Aggregate', 'Aggregate', 'Aggregate, 5mm (Particle Size)', 'kg', '0.00227', 'Container', 'General Cargo'),
('Aggregate', 'Aggregate', 'Aggregate, 6.5mm (Particle Size)', 'kg', '0.00227', 'Container', 'Bulk Carrier'),
('Aggregate', 'Aggregate', 'Aggregate, 6.5mm (Particle Size)', 'kg', '0.00227', 'Container', 'Container'),
('Aggregate', 'Aggregate', 'Aggregate, 6.5mm (Particle Size)', 'kg', '0.00227', 'Container', 'General Cargo'),
('Aggregate', 'Aggregate', 'Aggregate, Washed, 47.5mm (Particle Size)', 'kg', '0.00349', 'Container', 'Bulk Carrier'),
('Aggregate', 'Aggregate', 'Aggregate, Washed, 47.5mm (Particle Size)', 'kg', '0.00349', 'Container', 'Container'),
('Aggregate', 'Aggregate', 'Aggregate, Washed, 47.5mm (Particle Size)', 'kg', '0.00349', 'Container', 'General Cargo'),
('Aggregate', 'Aggregate', 'Aggregate, Washed, 24mm (Particle Size)', 'kg', '0.00384', 'Container', 'Bulk Carrier'),
('Aggregate', 'Aggregate', 'Aggregate, Washed, 24mm (Particle Size)', 'kg', '0.00384', 'Container', 'Container'),
('Aggregate', 'Aggregate', 'Aggregate, Washed, 24mm (Particle Size)', 'kg', '0.00384', 'Container', 'General Cargo'),
('Bonding Agent', 'Bonding Agent', '', '', '', 'Container', 'Bulk Carrier'),
('Bonding Agent', 'Bonding Agent', '', '', '', 'Container', 'Container'),
('Bonding Agent', 'Bonding Agent', '', '', '', 'Container', 'General Cargo'),
('Cement', 'Cement/concrete Additive', '', '', '', 'Bulk Carrier', 'Bulk Carrier'),
('Cement', 'Cement/concrete Additive', 'Cement/concrete Additive (ALI PRE GREEN)', 'kg', '0.753', 'Bulk Carrier', 'Bulk Carrier'),
('Cement', 'Grey Portland Cement', '', '', '', 'Bulk Carrier', 'Bulk Carrier'),
('Cement', 'Grey Portland Cement', 'Grey Portland Cement (High Suplhate-Resistance, Low Heat Generation), 42.5N (Compressive Strength)', 'kg', '0.925', 'Bulk Carrier', 'Bulk Carrier'),
('Cement', 'Grey Portland Cement', 'Grey Portland Cement (Rapid Strength Development), 52.5N (Compressive Strength)', 'kg', '0.86', 'Bulk Carrier', 'Bulk Carrier'),
('Cement', 'General Purpose Portland Cement', '', '', '', 'Bulk Carrier', 'Bulk Carrier'),
('Cement', 'General Purpose Portland Cement', 'General Purpose Portland Cement , Bagged', 'kg', '0.904', 'Bulk Carrier', 'Bulk Carrier'),
('Cement', 'Portland Cement', '', '', '', 'Bulk Carrier', 'Bulk Carrier'),
('Cement', 'Portland Cement', 'Portland Cement (Precast Concrete Products)', 'kg', '0.734', 'Bulk Carrier', 'Bulk Carrier'),
('Cement', 'Portland Composite Cement', '', '', '', 'Bulk Carrier', 'Bulk Carrier'),
('Cement', 'Portland Pozzolana Cement', '', '', '', 'Bulk Carrier', 'Bulk Carrier'),
('Cement', 'Portland Pozzolana Cement', 'Portland Pozzolana Cement, Plastering, Binder for Concrete and Mortar , 692 KgCO2e (GWP)', 'kg', '0.692', 'Bulk Carrier', 'Bulk Carrier'),
('Cement', 'Portland Pozzolana Cement', 'Portland Pozzolana Cement, Plastering, Binder for Concrete and Mortar , 862 KgCO2e (GWP)', 'kg', '0.862', 'Bulk Carrier', 'Bulk Carrier'),
('Cement', 'Portland Pozzolana Cement', 'Portland Pozzolana Cement, Plastering, Binder for Concrete and Mortar , 655 KgCO2e (GWP)', 'kg', '0.655', 'Bulk Carrier', 'Bulk Carrier'),
('Cement', 'Portland Pozzolana Cement', 'Portland Pozzolana Cement, Plastering, Binder for Concrete and Mortar , 690 KgCO2e (GWP)', 'kg', '0.69', 'Bulk Carrier', 'Bulk Carrier'),
('Cement', 'Portland Pozzolana Cement', 'Portland Pozzolana Cement, Plastering, Binder for Concrete and Mortar , 671 KgCO2e (GWP)', 'kg', '0.671', 'Bulk Carrier', 'Bulk Carrier'),
('Cement', 'Portland Pozzolana Cement', 'Portland Pozzolana Cement, Plastering, Binder for Concrete and Mortar , 702 KgCO2e (GWP)', 'kg', '0.702', 'Bulk Carrier', 'Bulk Carrier'),
('Cement', 'Portland Pozzolana Cement', 'Portland Pozzolana Cement, Plastering, Binder for Concrete and Mortar , 689 KgCO2e (GWP)', 'kg', '0.689', 'Bulk Carrier', 'Bulk Carrier'),
('Cement', 'Portland Pozzolana Cement', 'Portland Pozzolana Cement, Plastering, Binder for Concrete and Mortar , 807 KgCO2e (GWP)', 'kg', '0.807', 'Bulk Carrier', 'Bulk Carrier'),
('Cement', 'Portland Pozzolana Cement', 'Portland Pozzolana Cement, Plastering, Binder for Concrete and Mortar , 795 KgCO2e (GWP)', 'kg', '0.795', 'Bulk Carrier', 'Bulk Carrier'),
('Cement', 'Portland Pozzolana Cement', 'Portland Pozzolana Cement, Plastering, Binder for Concrete and Mortar, 807 KgCO2e (GWP)', 'kg', '0.807', 'Bulk Carrier', 'Bulk Carrier'),
('Cement', 'Portland Pozzolana Cement', 'Portland Pozzolana Cement, Plastering, Binder for Concrete and Mortar, 758 KgCO2e (GWP)', 'kg', '0.758', 'Bulk Carrier', 'Bulk Carrier'),
('Cement', 'Portland Pozzolana Cement', 'Portland Pozzolana Cement, Hydraulic structures, Masonry mortars , 992 KgCO2e (GWP)', 'kg', '0.992', 'Bulk Carrier', 'Bulk Carrier'),
('Cement', 'Portland Pozzolana Cement', 'Portland Pozzolana Cement, Hydraulic structures, Masonry mortars , 814 KgCO2e (GWP)', 'kg', '0.814', 'Bulk Carrier', 'Bulk Carrier'),
('Cement', 'Portland Pozzolana Cement', 'Portland Pozzolana Cement, Hydraulic structures, Masonry mortars , 688 KgCO2e (GWP)', 'kg', '0.688', 'Bulk Carrier', 'Bulk Carrier'),
('Cement', 'Portland Pozzolana Cement', 'Portland Pozzolana Cement, Hydraulic structures, Masonry mortars , 837 KgCO2e (GWP)', 'kg', '0.837', 'Bulk Carrier', 'Bulk Carrier'),
('Cement', 'Portland Pozzolana Cement', 'Portland Pozzolana Cement, Hydraulic structures, Masonry mortars , 732 KgCO2e (GWP)', 'kg', '0.732', 'Bulk Carrier', 'Bulk Carrier'),
('Cement', 'Portland Pozzolana Cement', 'Portland Pozzolana Cement, Hydraulic structures, Masonry mortars , 681 KgCO2e (GWP)', 'kg', '0.681', 'Bulk Carrier', 'Bulk Carrier'),
('Cement', 'Portland Pozzolana Cement', 'Portland Pozzolana Cement, Hydraulic structures, Masonry mortars , 661 KgCO2e (GWP)', 'kg', '0.661', 'Bulk Carrier', 'Bulk Carrier'),
('Cement', 'Portland Pozzolana Cement', 'Portland Pozzolana Cement, Hydraulic structures, Masonry mortars , 675 KgCO2e (GWP)', 'kg', '0.675', 'Bulk Carrier', 'Bulk Carrier'),
('Cement', 'Portland Pozzolana Cement', 'Portland Pozzolana Cement, Hydraulic structures, Masonry mortars , 686 KgCO2e (GWP)', 'kg', '0.686', 'Bulk Carrier', 'Bulk Carrier'),
('Cement', 'Portland Pozzolana Cement', 'Portland Pozzolana Cement, Hydraulic structures, Masonry mortars , 689 KgCO2e (GWP)', 'kg', '0.689', 'Bulk Carrier', 'Bulk Carrier'),
('Cement', 'Portland Pozzolana Cement', 'Portland Pozzolana Cement, Hydraulic structures, Masonry mortars , 884 KgCO2e (GWP)', 'kg', '0.884', 'Bulk Carrier', 'Bulk Carrier'),
('Cement', 'Portland Pozzolana Cement', 'Portland Pozzolana Cement, Hydraulic structures, Masonry mortars , 775 KgCO2e (GWP)', 'kg', '0.775', 'Bulk Carrier', 'Bulk Carrier'),
('Cement', 'Portland Pozzolana Cement', 'Portland Pozzolana Cement, Hydraulic structures, Masonry mortars , 111 KgCO2e (GWP)', 'kg', '0.111', 'Bulk Carrier', 'Bulk Carrier'),
('Cement', 'Portland Pozzolana Cement', 'Portland Pozzolana Cement, Hydraulic structures, Masonry mortars , 890 KgCO2e (GWP)', 'kg', '0.89', 'Bulk Carrier', 'Bulk Carrier'),
('Cement', 'Portland Pozzolana Cement', 'Portland Pozzolana Cement, Hydraulic structures, Masonry mortars , 709 KgCO2e (GWP)', 'kg', '0.709', 'Bulk Carrier', 'Bulk Carrier'),
('Cement', 'Portland Pozzolana Cement', 'Portland Pozzolana Cement, Hydraulic structures, Masonry mortars , 801 KgCO2e (GWP)', 'kg', '0.801', 'Bulk Carrier', 'Bulk Carrier'),
('Cement', 'Portland Pozzolana Cement', 'Portland Pozzolana Cement, Hydraulic structures, Masonry mortars , 848 KgCO2e (GWP)', 'kg', '0.848', 'Bulk Carrier', 'Bulk Carrier'),
('Cement', 'Portland Pozzolana Cement', 'Portland Pozzolana Cement, Hydraulic structures, Masonry mortars , 742 KgCO2e (GWP)', 'kg', '0.742', 'Bulk Carrier', 'Bulk Carrier'),
('Cement', 'Portland Pozzolana Cement', 'Portland Pozzolana Cement, Hydraulic structures, Masonry mortars , 710 KgCO2e (GWP)', 'kg', '0.71', 'Bulk Carrier', 'Bulk Carrier'),
('Cement', 'Portland Pozzolana Cement', 'Portland Pozzolana Cement, Hydraulic structures, Masonry mortars , 809 KgCO2e (GWP)', 'kg', '0.809', 'Bulk Carrier', 'Bulk Carrier'),
('Cement', 'Portland Pozzolana Cement', 'Portland Pozzolana Cement, Hydraulic structures, Masonry mortars , 692 KgCO2e (GWP)', 'kg', '0.692', 'Bulk Carrier', 'Bulk Carrier'),
('Cement', 'Portland Slag Cement', '', '', '', 'Bulk Carrier', 'Bulk Carrier'),
('Cement', 'Portland Slag Cement', 'Portland Slag Cement, Marine and off-shore, Sewer and Water treatment plants , 601 KgCO2e (GWP)', 'kg', '0.601', 'Bulk Carrier', 'Bulk Carrier'),
('Cement', 'Portland Slag Cement', 'Portland Slag Cement, Marine and off-shore , 665 KgCO2e (GWP)', 'kg', '0.665', 'Bulk Carrier', 'Bulk Carrier'),
('Cement', 'Portland Slag Cement', 'Portland Slag Cement, Marine and off-shore , 552 KgCO2e (GWP)', 'kg', '0.552', 'Bulk Carrier', 'Bulk Carrier'),
('Cement', 'Portland Slag Cement', 'Portland Slag Cement, Marine and off-shore , 633 KgCO2e (GWP)', 'kg', '0.633', 'Bulk Carrier', 'Bulk Carrier'),
('Cement', 'Portland Slag Cement', 'Portland Slag Cement, Marine and off-shore , 550 KgCO2e (GWP)', 'kg', '0.55', 'Bulk Carrier', 'Bulk Carrier'),
('Cement', 'Portland Slag Cement', 'Portland Slag Cement, Marine and off-shore , 930 KgCO2e (GWP)', 'kg', '0.93', 'Bulk Carrier', 'Bulk Carrier'),
('Cement', 'Portland Slag Cement', 'Portland Slag Cement, Marine and off-shore , 679 KgCO2e (GWP)', 'kg', '0.679', 'Bulk Carrier', 'Bulk Carrier'),
('Cement', 'Portland Slag Cement', 'Portland Slag Cement, Marine and off-shore , 524 KgCO2e (GWP)', 'kg', '0.524', 'Bulk Carrier', 'Bulk Carrier'),
('Cement', 'Portland Slag Cement', 'Portland Slag Cement, Marine and off-shore , 646 KgCO2e (GWP)', 'kg', '0.646', 'Bulk Carrier', 'Bulk Carrier'),
('Cement', 'Portland Slag Cement', 'Portland Slag Cement, Marine and off-shore , 467 KgCO2e (GWP)', 'kg', '0.467', 'Bulk Carrier', 'Bulk Carrier'),
('Cement', 'Portland Slag Cement', 'Portland Slag Cement, Marine and off-shore , 616 KgCO2e (GWP)', 'kg', '0.616', 'Bulk Carrier', 'Bulk Carrier'),
('Cement', 'Portland Slag Cement', 'Portland Slag Cement, Marine and off-shore , 433 KgCO2e (GWP)', 'kg', '0.433', 'Bulk Carrier', 'Bulk Carrier'),
('Cement', 'Portland Slag Cement', 'Portland Slag Cement, Marine and off-shore , 531 KgCO2e (GWP)', 'kg', '0.531', 'Bulk Carrier', 'Bulk Carrier'),
('Cement', 'Portland Slag Cement', 'Portland Slag Cement, Marine and off-shore , 439 KgCO2e (GWP)', 'kg', '0.439', 'Bulk Carrier', 'Bulk Carrier'),
('Cement', 'Portland Slag Cement', 'Portland Slag Cement, Marine and off-shore , 546 KgCO2e (GWP)', 'kg', '0.546', 'Bulk Carrier', 'Bulk Carrier'),
('Cement', 'Portland Slag Cement', 'Portland Slag Cement, 24 MPa (Compressive Strength) , 319 KgCO2e (GWP)', 'kg', '0.319', 'Bulk Carrier', 'Bulk Carrier'),
('Cement', 'Portland Slag Cement', 'Portland Slag Cement, 24 MPa (Compressive Strength) , 364 KgCO2e (GWP)', 'kg', '0.364', 'Bulk Carrier', 'Bulk Carrier'),
('Cement', 'Portland Slag Cement', 'Portland Slag Cement, 24 MPa (Compressive Strength) , 339 KgCO2e (GWP)', 'kg', '0.339', 'Bulk Carrier', 'Bulk Carrier'),
('Cement', 'Portland Slag Cement', 'Portland Slag Cement, 24 MPa (Compressive Strength) , 285 KgCO2e (GWP)', 'kg', '0.285', 'Bulk Carrier', 'Bulk Carrier'),
('Cement', 'White Portland Cement', '', '', '', 'Bulk Carrier', 'Bulk Carrier'),
('Concrete', 'Concrete', '', '', '', 'Container', 'Bulk Carrier'),
('Concrete', 'Concrete', '', '', '', 'Container', 'Container'),
('Concrete', 'Concrete', '', '', '', 'Container', 'General Cargo'),
('Concrete', 'Precast concrete column and beam', '', '', '', 'Container', 'Bulk Carrier'),
('Concrete', 'Precast concrete column and beam', '', '', '', 'Container', 'Container'),
('Concrete', 'Precast concrete column and beam', '', '', '', 'Container', 'General Cargo'),
('Concrete', 'Precast Concrete Element', '', '', '', 'Container', 'Bulk Carrier'),
('Concrete', 'Precast Concrete Element', '', '', '', 'Container', 'Container'),
('Concrete', 'Precast Concrete Element', '', '', '', 'Container', 'General Cargo'),
('Concrete', 'Precast Concrete Element', 'Precast Concrete Element, hollow core slabs for precast flooring, pre-stressed beams', 'kg', '0.271', 'Container', 'Bulk Carrier'),
('Concrete', 'Precast Concrete Element', 'Precast Concrete Element, hollow core slabs for precast flooring, pre-stressed beams', 'kg', '0.271', 'Container', 'Container'),
('Concrete', 'Precast Concrete Element', 'Precast Concrete Element, hollow core slabs for precast flooring, pre-stressed beams', 'kg', '0.271', 'Container', 'General Cargo'),
('Concrete', 'Precast reinforced solid concrete walls and floors', '', '', '', 'Container', 'Bulk Carrier'),
('Concrete', 'Precast reinforced solid concrete walls and floors', '', '', '', 'Container', 'Container'),
('Concrete', 'Precast reinforced solid concrete walls and floors', '', '', '', 'Container', 'General Cargo'),
('Concrete', 'Ready Mix Concrete', '', '', '', 'Container', 'Bulk Carrier'),
('Concrete', 'Ready Mix Concrete', '', '', '', 'Container', 'Container'),
('Concrete', 'Ready Mix Concrete', '', '', '', 'Container', 'General Cargo'),
('Concrete', 'Ready Mix Concrete', 'Ready Mix Concrete, 85 MPa (Compressive Strength)', 'kg', '0.174935039', 'Container', 'Bulk Carrier'),
('Concrete', 'Ready Mix Concrete', 'Ready Mix Concrete, 85 MPa (Compressive Strength)', 'kg', '0.174935039', 'Container', 'Container'),
('Concrete', 'Ready Mix Concrete', 'Ready Mix Concrete, 85 MPa (Compressive Strength)', 'kg', '0.174935039', 'Container', 'General Cargo'),
('Concrete', 'Ready Mix Concrete', 'Ready Mix Concrete, 25 MPa (Compressive Strength)', 'kg', '0.127826087', 'Container', 'Bulk Carrier'),
('Concrete', 'Ready Mix Concrete', 'Ready Mix Concrete, 25 MPa (Compressive Strength)', 'kg', '0.127826087', 'Container', 'Container'),
('Concrete', 'Ready Mix Concrete', 'Ready Mix Concrete, 25 MPa (Compressive Strength)', 'kg', '0.127826087', 'Container', 'General Cargo'),
('Concrete', 'Ready Mix Concrete', 'Ready Mix Concrete (General Mix), 20 MPa', 'kg', '0.118695652', 'Container', 'Bulk Carrier'),
('Concrete', 'Ready Mix Concrete', 'Ready Mix Concrete (General Mix), 20 MPa', 'kg', '0.118695652', 'Container', 'Container'),
('Concrete', 'Ready Mix Concrete', 'Ready Mix Concrete (General Mix), 20 MPa', 'kg', '0.118695652', 'Container', 'General Cargo'),
('Concrete', 'Ready Mix Concrete', 'Ready Mix Concrete (Fly Ash), 20 MPa', 'kg', '0.095652174', 'Container', 'Bulk Carrier'),
('Concrete', 'Ready Mix Concrete', 'Ready Mix Concrete (Fly Ash), 20 MPa', 'kg', '0.095652174', 'Container', 'Container'),
('Concrete', 'Ready Mix Concrete', 'Ready Mix Concrete (Fly Ash), 20 MPa', 'kg', '0.095652174', 'Container', 'General Cargo'),
('Concrete', 'Ready Mix Concrete', 'Ready Mix Concrete (Ground granulated blast furnance slag), 20 MPa', 'kg', '0.074347826', 'Container', 'Bulk Carrier'),
('Concrete', 'Ready Mix Concrete', 'Ready Mix Concrete (Ground granulated blast furnance slag), 20 MPa', 'kg', '0.074347826', 'Container', 'Container'),
('Concrete', 'Ready Mix Concrete', 'Ready Mix Concrete (Ground granulated blast furnance slag), 20 MPa', 'kg', '0.074347826', 'Container', 'General Cargo'),
('Concrete', 'Ready Mix Concrete', 'Ready Mix Concrete (Triple Blend), 20 MPa', 'kg', '0.066086957', 'Container', 'Bulk Carrier'),
('Concrete', 'Ready Mix Concrete', 'Ready Mix Concrete (Triple Blend), 20 MPa', 'kg', '0.066086957', 'Container', 'Container'),
('Concrete', 'Ready Mix Concrete', 'Ready Mix Concrete (Triple Blend), 20 MPa', 'kg', '0.066086957', 'Container', 'General Cargo'),
('Concrete', 'Ready Mix Concrete', 'Ready Mix Concrete (General Mix), 25 MPa', 'kg', '0.129130435', 'Container', 'Bulk Carrier'),
('Concrete', 'Ready Mix Concrete', 'Ready Mix Concrete (General Mix), 25 MPa', 'kg', '0.129130435', 'Container', 'Container'),
('Concrete', 'Ready Mix Concrete', 'Ready Mix Concrete (General Mix), 25 MPa', 'kg', '0.129130435', 'Container', 'General Cargo'),
('Concrete', 'Ready Mix Concrete', 'Ready Mix Concrete (Fly Ash), 25 MPa', 'kg', '0.104782609', 'Container', 'Bulk Carrier'),
('Concrete', 'Ready Mix Concrete', 'Ready Mix Concrete (Fly Ash), 25 MPa', 'kg', '0.104782609', 'Container', 'Container'),
('Concrete', 'Ready Mix Concrete', 'Ready Mix Concrete (Fly Ash), 25 MPa', 'kg', '0.104782609', 'Container', 'General Cargo'),
('Concrete', 'Ready Mix Concrete', 'Ready Mix Concrete (Ground granulated blast furnance slag), 25 MPa', 'kg', '0.080434783', 'Container', 'Bulk Carrier'),
('Concrete', 'Ready Mix Concrete', 'Ready Mix Concrete (Ground granulated blast furnance slag), 25 MPa', 'kg', '0.080434783', 'Container', 'Container'),
('Concrete', 'Ready Mix Concrete', 'Ready Mix Concrete (Ground granulated blast furnance slag), 25 MPa', 'kg', '0.080434783', 'Container', 'General Cargo'),
('Concrete', 'Ready Mix Concrete', 'Ready Mix Concrete (Triple Blend), 25 MPa', 'kg', '0.066956522', 'Container', 'Bulk Carrier'),
('Concrete', 'Ready Mix Concrete', 'Ready Mix Concrete (Triple Blend), 25 MPa', 'kg', '0.066956522', 'Container', 'Container'),
('Concrete', 'Ready Mix Concrete', 'Ready Mix Concrete (Triple Blend), 25 MPa', 'kg', '0.066956522', 'Container', 'General Cargo'),
('Concrete', 'Ready Mix Concrete', 'Ready Mix Concrete (General Mix), 32 MPa', 'kg', '0.149130435', 'Container', 'Bulk Carrier'),
('Concrete', 'Ready Mix Concrete', 'Ready Mix Concrete (General Mix), 32 MPa', 'kg', '0.149130435', 'Container', 'Container'),
('Concrete', 'Ready Mix Concrete', 'Ready Mix Concrete (General Mix), 32 MPa', 'kg', '0.149130435', 'Container', 'General Cargo'),
('Concrete', 'Ready Mix Concrete', 'Ready Mix Concrete (Fly Ash), 32 MPa', 'kg', '0.118695652', 'Container', 'Bulk Carrier'),
('Concrete', 'Ready Mix Concrete', 'Ready Mix Concrete (Fly Ash), 32 MPa', 'kg', '0.118695652', 'Container', 'Container'),
('Concrete', 'Ready Mix Concrete', 'Ready Mix Concrete (Fly Ash), 32 MPa', 'kg', '0.118695652', 'Container', 'General Cargo'),
('Concrete', 'Ready Mix Concrete', 'Ready Mix Concrete (Ground granulated blast furnance slag), 32 MPa', 'kg', '0.085217391', 'Container', 'Bulk Carrier'),
('Concrete', 'Ready Mix Concrete', 'Ready Mix Concrete (Ground granulated blast furnance slag), 32 MPa', 'kg', '0.085217391', 'Container', 'Container'),
('Concrete', 'Ready Mix Concrete', 'Ready Mix Concrete (Ground granulated blast furnance slag), 32 MPa', 'kg', '0.085217391', 'Container', 'General Cargo'),
('Concrete', 'Ready Mix Concrete', 'Ready Mix Concrete (Triple Blend), 32 MPa', 'kg', '0.076521739', 'Container', 'Bulk Carrier'),
('Concrete', 'Ready Mix Concrete', 'Ready Mix Concrete (Triple Blend), 32 MPa', 'kg', '0.076521739', 'Container', 'Container'),
('Concrete', 'Ready Mix Concrete', 'Ready Mix Concrete (Triple Blend), 32 MPa', 'kg', '0.076521739', 'Container', 'General Cargo'),
('Concrete', 'Ready Mix Concrete', 'Ready Mix Concrete (General Mix), 40 MPa', 'kg', '0.176086957', 'Container', 'Bulk Carrier'),
('Concrete', 'Ready Mix Concrete', 'Ready Mix Concrete (General Mix), 40 MPa', 'kg', '0.176086957', 'Container', 'Container'),
('Concrete', 'Ready Mix Concrete', 'Ready Mix Concrete (General Mix), 40 MPa', 'kg', '0.176086957', 'Container', 'General Cargo'),
('Concrete', 'Ready Mix Concrete', 'Ready Mix Concrete (Fly Ash), 40 MPa', 'kg', '0.142608696', 'Container', 'Bulk Carrier'),
('Concrete', 'Ready Mix Concrete', 'Ready Mix Concrete (Fly Ash), 40 MPa', 'kg', '0.142608696', 'Container', 'Container'),
('Concrete', 'Ready Mix Concrete', 'Ready Mix Concrete (Fly Ash), 40 MPa', 'kg', '0.142608696', 'Container', 'General Cargo'),
('Concrete', 'Ready Mix Concrete', 'Ready Mix Concrete (Ground granulated blast furnance slag), 40 MPa', 'kg', '0.105652174', 'Container', 'Bulk Carrier'),
('Concrete', 'Ready Mix Concrete', 'Ready Mix Concrete (Ground granulated blast furnance slag), 40 MPa', 'kg', '0.105652174', 'Container', 'Container'),
('Concrete', 'Ready Mix Concrete', 'Ready Mix Concrete (Ground granulated blast furnance slag), 40 MPa', 'kg', '0.105652174', 'Container', 'General Cargo'),
('Concrete', 'Ready Mix Concrete', 'Ready Mix Concrete (Triple Blend), 40 MPa', 'kg', '0.095217391', 'Container', 'Bulk Carrier'),
('Concrete', 'Ready Mix Concrete', 'Ready Mix Concrete (Triple Blend), 40 MPa', 'kg', '0.095217391', 'Container', 'Container'),
('Concrete', 'Ready Mix Concrete', 'Ready Mix Concrete (Triple Blend), 40 MPa', 'kg', '0.095217391', 'Container', 'General Cargo'),
('Concrete', 'Ready Mix Concrete', 'Ready Mix Concrete (General Mix), 50 MPa', 'kg', '0.223478261', 'Container', 'Bulk Carrier'),
('Concrete', 'Ready Mix Concrete', 'Ready Mix Concrete (General Mix), 50 MPa', 'kg', '0.223478261', 'Container', 'Container'),
('Concrete', 'Ready Mix Concrete', 'Ready Mix Concrete (General Mix), 50 MPa', 'kg', '0.223478261', 'Container', 'General Cargo'),
('Concrete', 'Ready Mix Concrete', 'Ready Mix Concrete (Fly Ash), 50 MPa', 'kg', '0.18', 'Container', 'Bulk Carrier'),
('Concrete', 'Ready Mix Concrete', 'Ready Mix Concrete (Fly Ash), 50 MPa', 'kg', '0.18', 'Container', 'Container'),
('Concrete', 'Ready Mix Concrete', 'Ready Mix Concrete (Fly Ash), 50 MPa', 'kg', '0.18', 'Container', 'General Cargo'),
('Concrete', 'Ready Mix Concrete', 'Ready Mix Concrete (Ground granulated blast furnance slag), 50 MPa', 'kg', '0.13173913', 'Container', 'Bulk Carrier'),
('Concrete', 'Ready Mix Concrete', 'Ready Mix Concrete (Ground granulated blast furnance slag), 50 MPa', 'kg', '0.13173913', 'Container', 'Container'),
('Concrete', 'Ready Mix Concrete', 'Ready Mix Concrete (Ground granulated blast furnance slag), 50 MPa', 'kg', '0.13173913', 'Container', 'General Cargo'),
('Concrete', 'Ready Mix Concrete', 'Ready Mix Concrete (Triple Blend), 50 MPa', 'kg', '0.123478261', 'Container', 'Bulk Carrier'),
('Concrete', 'Ready Mix Concrete', 'Ready Mix Concrete (Triple Blend), 50 MPa', 'kg', '0.123478261', 'Container', 'Container'),
('Concrete', 'Ready Mix Concrete', 'Ready Mix Concrete (Triple Blend), 50 MPa', 'kg', '0.123478261', 'Container', 'General Cargo'),
('Concrete', 'Ready Mix Concrete', 'Ready Mix Concrete (Cement 7-8%), 8 MPa', 'kg', '0.071478261', 'Container', 'Bulk Carrier'),
('Concrete', 'Ready Mix Concrete', 'Ready Mix Concrete (Cement 7-8%), 8 MPa', 'kg', '0.071478261', 'Container', 'Container'),
('Concrete', 'Ready Mix Concrete', 'Ready Mix Concrete (Cement 7-8%), 8 MPa', 'kg', '0.071478261', 'Container', 'General Cargo'),
('Concrete', 'Ready Mix Concrete', 'Ready Mix Concrete (Cement 9-10%), 8 MPa', 'kg', '0.087973913', 'Container', 'Bulk Carrier'),
('Concrete', 'Ready Mix Concrete', 'Ready Mix Concrete (Cement 9-10%), 8 MPa', 'kg', '0.087973913', 'Container', 'Container'),
('Concrete', 'Ready Mix Concrete', 'Ready Mix Concrete (Cement 9-10%), 8 MPa', 'kg', '0.087973913', 'Container', 'General Cargo'),
('Concrete', 'Ready Mix Concrete', 'Ready Mix Concrete (Cement 9-11%), 12 MPa', 'kg', '0.09256087', 'Container', 'Bulk Carrier'),
('Concrete', 'Ready Mix Concrete', 'Ready Mix Concrete (Cement 9-11%), 12 MPa', 'kg', '0.09256087', 'Container', 'Container'),
('Concrete', 'Ready Mix Concrete', 'Ready Mix Concrete (Cement 9-11%), 12 MPa', 'kg', '0.09256087', 'Container', 'General Cargo'),
('Concrete', 'Ready Mix Concrete', 'Ready Mix Concrete (Cement 11-13%), 12 MPa', 'kg', '0.108830435', 'Container', 'Bulk Carrier'),
('Concrete', 'Ready Mix Concrete', 'Ready Mix Concrete (Cement 11-13%), 12 MPa', 'kg', '0.108830435', 'Container', 'Container'),
('Concrete', 'Ready Mix Concrete', 'Ready Mix Concrete (Cement 11-13%), 12 MPa', 'kg', '0.108830435', 'Container', 'General Cargo'),
('Concrete', 'Ready Mix Concrete', 'Ready Mix Concrete (Cement 10-12%), 16 MPa', 'kg', '0.103495652', 'Container', 'Bulk Carrier'),
('Concrete', 'Ready Mix Concrete', 'Ready Mix Concrete (Cement 10-12%), 16 MPa', 'kg', '0.103495652', 'Container', 'Container'),
('Concrete', 'Ready Mix Concrete', 'Ready Mix Concrete (Cement 10-12%), 16 MPa', 'kg', '0.103495652', 'Container', 'General Cargo'),
('Concrete', 'Ready Mix Concrete', 'Ready Mix Concrete (Cement 13-14%), 16 MPa', 'kg', '0.119865217', 'Container', 'Bulk Carrier'),
('Concrete', 'Ready Mix Concrete', 'Ready Mix Concrete (Cement 13-14%), 16 MPa', 'kg', '0.119865217', 'Container', 'Container'),
('Concrete', 'Ready Mix Concrete', 'Ready Mix Concrete (Cement 13-14%), 16 MPa', 'kg', '0.119865217', 'Container', 'General Cargo'),
('Concrete', 'Ready Mix Concrete', 'Ready Mix Concrete (Cement 12-15%), 20 MPa', 'kg', '0.120221739', 'Container', 'Bulk Carrier'),
('Concrete', 'Ready Mix Concrete', 'Ready Mix Concrete (Cement 12-15%), 20 MPa', 'kg', '0.120221739', 'Container', 'Container'),
('Concrete', 'Ready Mix Concrete', 'Ready Mix Concrete (Cement 12-15%), 20 MPa', 'kg', '0.120221739', 'Container', 'General Cargo'),
('Concrete', 'Ready Mix Concrete', 'Ready Mix Concrete (Cement 15-17%), 20 MPa', 'kg', '0.141495652', 'Container', 'Bulk Carrier'),
('Concrete', 'Ready Mix Concrete', 'Ready Mix Concrete (Cement 15-17%), 20 MPa', 'kg', '0.141495652', 'Container', 'Container'),
('Concrete', 'Ready Mix Concrete', 'Ready Mix Concrete (Cement 15-17%), 20 MPa', 'kg', '0.141495652', 'Container', 'General Cargo'),
('Concrete', 'Ready Mix Concrete', 'Ready Mix Concrete (Cement 13-15%), 25 MPa', 'kg', '0.126417391', 'Container', 'Bulk Carrier'),
('Concrete', 'Ready Mix Concrete', 'Ready Mix Concrete (Cement 13-15%), 25 MPa', 'kg', '0.126417391', 'Container', 'Container'),
('Concrete', 'Ready Mix Concrete', 'Ready Mix Concrete (Cement 13-15%), 25 MPa', 'kg', '0.126417391', 'Container', 'General Cargo'),
('Concrete', 'Ready Mix Concrete', 'Ready Mix Concrete (Cement 15-17%), 25 MPa', 'kg', '0.143421739', 'Container', 'Bulk Carrier'),
('Concrete', 'Ready Mix Concrete', 'Ready Mix Concrete (Cement 15-17%), 25 MPa', 'kg', '0.143421739', 'Container', 'Container'),
('Concrete', 'Ready Mix Concrete', 'Ready Mix Concrete (Cement 15-17%), 25 MPa', 'kg', '0.143421739', 'Container', 'General Cargo'),
('Concrete', 'Ready Mix Concrete', 'Ready Mix Concrete (Cement 16-18%), 30 MPa', 'kg', '0.148282609', 'Container', 'Bulk Carrier'),
('Concrete', 'Ready Mix Concrete', 'Ready Mix Concrete (Cement 16-18%), 30 MPa', 'kg', '0.148282609', 'Container', 'Container'),
('Concrete', 'Ready Mix Concrete', 'Ready Mix Concrete (Cement 16-18%), 30 MPa', 'kg', '0.148282609', 'Container', 'General Cargo'),
('Concrete', 'Ready Mix Concrete', 'Ready Mix Concrete (Cement 18-20%), 35 MPa', 'kg', '0.167386957', 'Container', 'Bulk Carrier'),
('Concrete', 'Ready Mix Concrete', 'Ready Mix Concrete (Cement 18-20%), 35 MPa', 'kg', '0.167386957', 'Container', 'Container'),
('Concrete', 'Ready Mix Concrete', 'Ready Mix Concrete (Cement 18-20%), 35 MPa', 'kg', '0.167386957', 'Container', 'General Cargo'),
('Concrete', 'Ready Mix Concrete', 'Ready Mix Concrete (Cement 20-21%), 40 MPa', 'kg', '0.178086957', 'Container', 'Bulk Carrier'),
('Concrete', 'Ready Mix Concrete', 'Ready Mix Concrete (Cement 20-21%), 40 MPa', 'kg', '0.178086957', 'Container', 'Container'),
('Concrete', 'Ready Mix Concrete', 'Ready Mix Concrete (Cement 20-21%), 40 MPa', 'kg', '0.178086957', 'Container', 'General Cargo'),
('Concrete', 'Reinforced Solid concrete, pre-stressed, beams', '', '', '', 'Container', 'Bulk Carrier'),
('Concrete', 'Reinforced Solid concrete, pre-stressed, beams', '', '', '', 'Container', 'Container'),
('Concrete', 'Reinforced Solid concrete, pre-stressed, beams', '', '', '', 'Container', 'General Cargo'),
('Concrete', 'Reinforced Solid Precast Concrete Product', '', '', '', 'Container', 'Bulk Carrier'),
('Concrete', 'Reinforced Solid Precast Concrete Product', '', '', '', 'Container', 'Container'),
('Concrete', 'Reinforced Solid Precast Concrete Product', '', '', '', 'Container', 'General Cargo'),
('Concrete', 'Reinforced Solid Precast Concrete, Pre-stressed Slab', '', '', '', 'Container', 'Bulk Carrier'),
('Concrete', 'Reinforced Solid Precast Concrete, Pre-stressed Slab', '', '', '', 'Container', 'Container'),
('Concrete', 'Reinforced Solid Precast Concrete, Pre-stressed Slab', '', '', '', 'Container', 'General Cargo'),
('Concrete', 'Unreinforced Autoclaved Aerated Concrete', '', '', '', 'Container', 'Bulk Carrier'),
('Concrete', 'Unreinforced Autoclaved Aerated Concrete', '', '', '', 'Container', 'Container'),
('Concrete', 'Unreinforced Autoclaved Aerated Concrete', '', '', '', 'Container', 'General Cargo'),
('Concrete', 'Unreinforced Autoclaved Aerated Concrete', 'Unreinforced Autoclaved Aerated Concrete, 3.25 N/mm2 (Compressive Strength)', 'kg', '0.393700787', 'Container', 'Bulk Carrier'),
('Concrete', 'Unreinforced Autoclaved Aerated Concrete', 'Unreinforced Autoclaved Aerated Concrete, 3.25 N/mm2 (Compressive Strength)', 'kg', '0.393700787', 'Container', 'Container'),
('Concrete', 'Unreinforced Autoclaved Aerated Concrete', 'Unreinforced Autoclaved Aerated Concrete, 3.25 N/mm2 (Compressive Strength)', 'kg', '0.393700787', 'Container', 'General Cargo'),
('Concrete', 'Waterproofing Slurry', '', '', '', 'Container', 'Bulk Carrier'),
('Concrete', 'Waterproofing Slurry', '', '', '', 'Container', 'Container'),
('Concrete', 'Waterproofing Slurry', '', '', '', 'Container', 'General Cargo'),
('Mortar (Structure)', 'Cement-Lime Mortar', '', '', '', 'Container', 'Bulk Carrier'),
('Mortar (Structure)', 'Cement-Lime Mortar', '', '', '', 'Container', 'Container'),
('Mortar (Structure)', 'Cement-Lime Mortar', '', '', '', 'Container', 'General Cargo'),
('Mortar (Structure)', 'Geo-Mortar', '', '', '', 'Container', 'Bulk Carrier'),
('Mortar (Structure)', 'Geo-Mortar', '', '', '', 'Container', 'Container'),
('Mortar (Structure)', 'Geo-Mortar', '', '', '', 'Container', 'General Cargo'),
('Mortar (Structure)', 'Geo-Mortar', 'Geo-Mortar, Geocalce® FL Antisismico', 'kg', '0.319333333', 'Container', 'Bulk Carrier'),
('Mortar (Structure)', 'Geo-Mortar', 'Geo-Mortar, Geocalce® FL Antisismico', 'kg', '0.319333333', 'Container', 'Container'),
('Mortar (Structure)', 'Geo-Mortar', 'Geo-Mortar, Geocalce® FL Antisismico', 'kg', '0.319333333', 'Container', 'General Cargo'),
('Mortar (Structure)', 'Geo-Mortar', 'Geo-Mortar, Geocalce® Multiuso', 'kg', '0.373076923', 'Container', 'Bulk Carrier'),
('Mortar (Structure)', 'Geo-Mortar', 'Geo-Mortar, Geocalce® Multiuso', 'kg', '0.373076923', 'Container', 'Container'),
('Mortar (Structure)', 'Geo-Mortar', 'Geo-Mortar, Geocalce® Multiuso', 'kg', '0.373076923', 'Container', 'General Cargo'),
('Mortar (Structure)', 'Grey Mortar', '', '', '', 'Container', 'Bulk Carrier'),
('Mortar (Structure)', 'Grey Mortar', '', '', '', 'Container', 'Container'),
('Mortar (Structure)', 'Grey Mortar', '', '', '', 'Container', 'General Cargo'),
('Mortar (Structure)', 'Grey Mortar', 'Grey Mortar, MAPEI Ultralite S1 Quick', 'kg', '0.802', 'Container', 'Bulk Carrier'),
('Mortar (Structure)', 'Grey Mortar', 'Grey Mortar, MAPEI Ultralite S1 Quick', 'kg', '0.802', 'Container', 'Container'),
('Mortar (Structure)', 'Grey Mortar', 'Grey Mortar, MAPEI Ultralite S1 Quick', 'kg', '0.802', 'Container', 'General Cargo'),
('Mortar (Structure)', 'Grey Mortar', 'Grey Mortar, MAPEI Ultralite S2', 'kg', '0.939', 'Container', 'Bulk Carrier'),
('Mortar (Structure)', 'Grey Mortar', 'Grey Mortar, MAPEI Ultralite S2', 'kg', '0.939', 'Container', 'Container'),
('Mortar (Structure)', 'Grey Mortar', 'Grey Mortar, MAPEI Ultralite S2', 'kg', '0.939', 'Container', 'General Cargo'),
('Mortar (Structure)', 'Mortar', '', '', '', 'Container', 'Bulk Carrier'),
('Mortar (Structure)', 'Mortar', '', '', '', 'Container', 'Container'),
('Mortar (Structure)', 'Mortar', '', '', '', 'Container', 'General Cargo'),
('Mortar (Structure)', 'Mortar', 'Mortar, Waterproofing, Protection of Concrete', 'kg', '0.701', 'Container', 'Bulk Carrier'),
('Mortar (Structure)', 'Mortar', 'Mortar, Waterproofing, Protection of Concrete', 'kg', '0.701', 'Container', 'Container'),
('Mortar (Structure)', 'Mortar', 'Mortar, Waterproofing, Protection of Concrete', 'kg', '0.701', 'Container', 'General Cargo'),
('Mortar (Structure)', 'Mortar', 'Mortar, Waterproofing Irregular Surface', 'kg', '0.862', 'Container', 'Bulk Carrier'),
('Mortar (Structure)', 'Mortar', 'Mortar, Waterproofing Irregular Surface', 'kg', '0.862', 'Container', 'Container'),
('Mortar (Structure)', 'Mortar', 'Mortar, Waterproofing Irregular Surface', 'kg', '0.862', 'Container', 'General Cargo'),
('Mortar (Structure)', 'Mortar', 'Mortar, Waterproofing Concrete and Masonry Structure', 'kg', '0.82', 'Container', 'Bulk Carrier'),
('Mortar (Structure)', 'Mortar', 'Mortar, Waterproofing Concrete and Masonry Structure', 'kg', '0.82', 'Container', 'Container'),
('Mortar (Structure)', 'Mortar', 'Mortar, Waterproofing Concrete and Masonry Structure', 'kg', '0.82', 'Container', 'General Cargo'),
('Mortar (Structure)', 'Mortar', 'Mortar, Rapid Waterproofing Concrete Structure', 'kg', '1.07', 'Container', 'Bulk Carrier'),
('Mortar (Structure)', 'Mortar', 'Mortar, Rapid Waterproofing Concrete Structure', 'kg', '1.07', 'Container', 'Container'),
('Mortar (Structure)', 'Mortar', 'Mortar, Rapid Waterproofing Concrete Structure', 'kg', '1.07', 'Container', 'General Cargo'),
('Mortar (Structure)', 'White Mortar', '', '', '', 'Container', 'Bulk Carrier'),
('Mortar (Structure)', 'White Mortar', '', '', '', 'Container', 'Container'),
('Mortar (Structure)', 'White Mortar', '', '', '', 'Container', 'General Cargo'),
('Mortar (Structure)', 'White Mortar', 'White Mortar, MAPEI Ultralite Mortar', 'kg', '1.07', 'Container', 'Bulk Carrier'),
('Mortar (Structure)', 'White Mortar', 'White Mortar, MAPEI Ultralite Mortar', 'kg', '1.07', 'Container', 'Container'),
('Mortar (Structure)', 'White Mortar', 'White Mortar, MAPEI Ultralite Mortar', 'kg', '1.07', 'Container', 'General Cargo'),
('Mortar (Structure)', 'White Mortar', 'White Mortar, MAPEI Ultralite S1 Quick', 'kg', '0.636', 'Container', 'Bulk Carrier'),
('Mortar (Structure)', 'White Mortar', 'White Mortar, MAPEI Ultralite S1 Quick', 'kg', '0.636', 'Container', 'Container'),
('Mortar (Structure)', 'White Mortar', 'White Mortar, MAPEI Ultralite S1 Quick', 'kg', '0.636', 'Container', 'General Cargo'),
('Mortar (Structure)', 'White Mortar', 'White Mortar, MAPEI Ultralite S2', 'kg', '0.939', 'Container', 'Bulk Carrier'),
('Mortar (Structure)', 'White Mortar', 'White Mortar, MAPEI Ultralite S2', 'kg', '0.939', 'Container', 'Container'),
('Mortar (Structure)', 'White Mortar', 'White Mortar, MAPEI Ultralite S2', 'kg', '0.939', 'Container', 'General Cargo'),
('Slag', 'Blast-Furnace Slag', '', '', '', 'Container', 'Bulk Carrier'),
('Slag', 'Blast-Furnace Slag', '', '', '', 'Container', 'Container'),
('Slag', 'Blast-Furnace Slag', '', '', '', 'Container', 'General Cargo'),
('Slag', 'Blast-Furnace Slag', 'Blast-Furnace Slag , 364 m2/kg (Fineness) , 58.5 KgCO2e (GWP)', 'kg', '0.0585', 'Container', 'Bulk Carrier'),
('Slag', 'Blast-Furnace Slag', 'Blast-Furnace Slag , 364 m2/kg (Fineness) , 58.5 KgCO2e (GWP)', 'kg', '0.0585', 'Container', 'Container'),
('Slag', 'Blast-Furnace Slag', 'Blast-Furnace Slag , 364 m2/kg (Fineness) , 58.5 KgCO2e (GWP)', 'kg', '0.0585', 'Container', 'General Cargo'),
('Slag', 'Blast-Furnace Slag', 'Blast-Furnace Slag , 364 m2/kg (Fineness) , 55.7 KgCO2e (GWP)', 'kg', '0.0557', 'Container', 'Bulk Carrier'),
('Slag', 'Blast-Furnace Slag', 'Blast-Furnace Slag , 364 m2/kg (Fineness) , 55.7 KgCO2e (GWP)', 'kg', '0.0557', 'Container', 'Container'),
('Slag', 'Blast-Furnace Slag', 'Blast-Furnace Slag , 364 m2/kg (Fineness) , 55.7 KgCO2e (GWP)', 'kg', '0.0557', 'Container', 'General Cargo'),
('Steel', 'Bare Spiral Welded Steel Pipe', '', '', '', 'Bulk Carrier', 'Bulk Carrier'),
('Steel', 'Coated Spiral Welded Steel Pipe', '', '', '', 'Bulk Carrier', 'Bulk Carrier'),
('Steel', 'Cold rolled reinforcing steel and electrowelded mesh', '', '', '', 'Bulk Carrier', 'Bulk Carrier'),
('Steel', 'Cold rolled steel sheets and coils', '', '', '', 'Bulk Carrier', 'Bulk Carrier'),
('Steel', 'Color coated steel sheets and coils', '', '', '', 'Bulk Carrier', 'Bulk Carrier'),
('Steel', 'Core Steel', '', '', '', 'Bulk Carrier', 'Bulk Carrier'),
('Steel', 'Galvanized Steel (coil and sheet)', '', '', '', 'Bulk Carrier', 'Bulk Carrier'),
('Steel', 'Galvanized structural steel flooring system', '', '', '', 'Bulk Carrier', 'Bulk Carrier'),
('Steel', 'Galvanized wire made from steel scrap', '', '', '', 'Bulk Carrier', 'Bulk Carrier'),
('Steel', 'Hot Rolled Coil', '', '', '', 'Bulk Carrier', 'Bulk Carrier'),
('Steel', 'Hot Rolled Steel', '', '', '', 'Bulk Carrier', 'Bulk Carrier'),
('Steel', 'Hot Rolled Steel Coil', '', '', '', 'Bulk Carrier', 'Bulk Carrier'),
('Steel', 'Hot Rolled Steel Merchant Bar', '', '', '', 'Bulk Carrier', 'Bulk Carrier'),
('Steel', 'Hot Rolled Steel Merchant Bar', 'Hot Rolled Steel Merchant Bar, 1200 KgCO2e (GWP)', 'kg', '1.2', 'Bulk Carrier', 'Bulk Carrier'),
('Steel', 'Hot Rolled Steel Plate', '', '', '', 'Bulk Carrier', 'Bulk Carrier'),
('Steel', 'Hot Rolled Steel Plate', 'Hot Rolled Steel Plate', 'kg', '2.71', 'Bulk Carrier', 'Bulk Carrier'),
('Steel', 'Hot Rolled Steel Sheets and Coils', '', '', '', 'Bulk Carrier', 'Bulk Carrier'),
('Steel', 'Hot Rolled Steel Structural Section', '', '', '', 'Bulk Carrier', 'Bulk Carrier'),
('Steel', 'Hot Rolled Steel Structural Section', 'Hot Rolled Steel Structural Section, 3200 KgCO2e (GWP)', 'kg', '3.2', 'Bulk Carrier', 'Bulk Carrier'),
('Steel', 'Hot-drawn reinforcing steel for concrete in bars and coils', '', '', '', 'Bulk Carrier', 'Bulk Carrier'),
('Steel', 'Installed hot dip galvanized steel profiles and accessories', '', '', '', 'Bulk Carrier', 'Bulk Carrier'),
('Steel', 'Insulated Steel Panel', '', '', '', 'Bulk Carrier', 'Bulk Carrier'),
('Steel', 'Insulation Panel with Steel for Roof', '', '', '', 'Bulk Carrier', 'Bulk Carrier'),
('Steel', 'Insulation Panel with Steel for Roof', 'Insulation Panel with Steel for Roof, 80mm (Nominal Thickness)', 'kg', '2.142857143', 'Bulk Carrier', 'Bulk Carrier'),
('Steel', 'Insulation Panel with Steel for Wall', '', '', '', 'Bulk Carrier', 'Bulk Carrier'),
('Steel', 'Insulation Panel with Steel for Wall', 'Insulation Panel with Steel for Wall, 80mm (Nominal Thickness)', 'kg', '2.154285714', 'Bulk Carrier', 'Bulk Carrier'),
('Steel', 'Light Gauge Steel Profile', '', '', '', 'Bulk Carrier', 'Bulk Carrier'),
('Steel', 'Light Gauge Steel Profile', 'Light Gauge Steel Profile for interior walls and ceilings, 0.5mm (Steel Thickness)', 'kg', '2.661', 'Bulk Carrier', 'Bulk Carrier'),
('Steel', 'Light Gauge Steel Profile', 'Light Gauge Steel Profile for interior walls and ceilings, 0.6mm (Steel Thickness)', 'kg', '2.643', 'Bulk Carrier', 'Bulk Carrier'),
('Steel', 'Light Gauge Steel Profile', 'Light Gauge Steel Profile for external walls and light weight steel beams, 0.7mm (Steel Thickness)', 'kg', '2.704', 'Bulk Carrier', 'Bulk Carrier'),
('Steel', 'Light Gauge Steel Profile', 'Light Gauge Steel Profile for external walls and light weight steel beams, 1mm (Steel Thickness)', 'kg', '2.659', 'Bulk Carrier', 'Bulk Carrier'),
('Steel', 'Light Gauge Steel Profile', 'Light Gauge Steel Profile for external walls and light weight steel beams, 1.2mm (Steel Thickness)', 'kg', '2.642', 'Bulk Carrier', 'Bulk Carrier'),
('Steel', 'Light Gauge Steel Profile', 'Light Gauge Steel Profile for external walls and light weight steel beams, 1.5mm (Steel Thickness)', 'kg', '2.624', 'Bulk Carrier', 'Bulk Carrier'),
('Steel', 'Light Gauge Steel Profile', 'Light Gauge Steel Profile for external walls and light weight steel beams, 2mm (Steel Thickness)', 'kg', '2.605', 'Bulk Carrier', 'Bulk Carrier'),
('Steel', 'Light Gauge Steel Profile', 'Light Gauge Steel Profile for external walls and light weight steel beams, 2.5mm (Steel Thickness)', 'kg', '2.594', 'Bulk Carrier', 'Bulk Carrier'),
('Steel', 'Light Gauge Steel Profile', 'Light Gauge Steel Profile for external walls and light weight steel beams, 3mm (Steel Thickness)', 'kg', '2.587', 'Bulk Carrier', 'Bulk Carrier'),
('Steel', 'Light Gauge Steel Profile', 'Light Gauge Steel Profile for mounting in external environments, 0.7mm (Steel Thickness)', 'kg', '2.754', 'Bulk Carrier', 'Bulk Carrier'),
('Steel', 'Light Gauge Steel Profile', 'Light Gauge Steel Profile for mounting in external environments, 1mm (Steel Thickness)', 'kg', '2.695', 'Bulk Carrier', 'Bulk Carrier'),
('Steel', 'Light Gauge Steel Profile', 'Light Gauge Steel Profile for mounting in external environments, Polyster Coated, 0.7mm (Steel Thickness)', 'kg', '2.739', 'Bulk Carrier', 'Bulk Carrier'),
('Steel', 'Light Gauge Steel Profile', 'Light Gauge Steel Profile for installation in external environments, 0.7mm (Steel Thickness)', 'kg', '2.785', 'Bulk Carrier', 'Bulk Carrier'),
('Steel', 'Light Gauge Steel Profile', 'Light Gauge Steel Profile for installation in external environments, 1mm (Steel Thickness)', 'kg', '2.715', 'Bulk Carrier', 'Bulk Carrier'),
('Steel', 'Low alloyed steel wire rods', '', '', '', 'Bulk Carrier', 'Bulk Carrier'),
('Steel', 'Low Relaxation Wire', '', '', '', 'Bulk Carrier', 'Bulk Carrier'),
('Steel', 'Metal coated steel sheets and coils', '', '', '', 'Bulk Carrier', 'Bulk Carrier'),
('Steel', 'Painted Steel (coil and sheet)', '', '', '', 'Bulk Carrier', 'Bulk Carrier'),
('Steel', 'Precast Steel and Concrete Pile', '', '', '', 'Bulk Carrier', 'Bulk Carrier'),
('Steel', 'Precast Steel and Concrete Pile', 'Precast Steel and Concrete Pile, 3091 KgCO2e (GWP)', 'kg', '0.338591302', 'Bulk Carrier', 'Bulk Carrier'),
('Steel', 'Pre-stressed steel rope manufactured from steel scrap', '', '', '', 'Bulk Carrier', 'Bulk Carrier'),
('Steel', 'Reinforcing Steel Bar', '', '', '', 'Bulk Carrier', 'Bulk Carrier'),
('Steel', 'Reinforcing Steel Bar', 'Reinforcing Steel Bar, 1800 KgCO2e (GWP)', 'kg', '1.8', 'Bulk Carrier', 'Bulk Carrier'),
('Steel', 'Reinforcing Steel Bar', 'Reinforcing Steel Bar, 25 mm (Diameter)', 'kg', '1.5', 'Bulk Carrier', 'Bulk Carrier'),
('Steel', 'Reinforcing Steel Bar', 'Reinforcing Steel Bar, 767 KgCO2e (GWP)', 'kg', '0.767', 'Bulk Carrier', 'Bulk Carrier'),
('Steel', 'Reinforcing Steel Bar', 'Reinforcing Steel Bar, 3.97 KgCO2e (GWP)', 'kg', '3.97', 'Bulk Carrier', 'Bulk Carrier'),
('Steel', 'Reinforcing Steel Bar', 'Reinforcing Steel Bar, 1750 KgCO2e (GWP)', 'kg', '1.75', 'Bulk Carrier', 'Bulk Carrier'),
('Steel', 'Reinforcing Steel Bar', 'Reinforcing Steel Bar, 0.516 KgCO2e (GWP)', 'kg', '0.516', 'Bulk Carrier', 'Bulk Carrier'),
('Steel', 'Reinforcing Steel Bar', 'Reinforcing Steel Bar, 605 KgCO2e (GWP)', 'kg', '0.605', 'Bulk Carrier', 'Bulk Carrier'),
('Steel', 'Reinforcing Steel Bar', 'Reinforcing Steel Bar, 1436 KgCO2e (GWP)', 'kg', '1.436', 'Bulk Carrier', 'Bulk Carrier'),
('Steel', 'Reinforcing Steel Coil', '', '', '', 'Bulk Carrier', 'Bulk Carrier'),
('Steel', 'Reinforcing Steel Mesh', '', '', '', 'Bulk Carrier', 'Bulk Carrier'),
('Steel', 'Reinforcing Steel Rod', '', '', '', 'Bulk Carrier', 'Bulk Carrier'),
('Steel', 'Reinforcing Steel Rod', 'Reinforcing Steel Rod, 3.78 KgCO2e (GWP)', 'kg', '3.78', 'Bulk Carrier', 'Bulk Carrier'),
('Steel', 'Reinforcing Steel Wire', '', '', '', 'Bulk Carrier', 'Bulk Carrier'),
('Steel', 'Reinforcing Steel Wire', 'Reinforcing Steel Wire, 3.9 KgCO2e (GWP)', 'kg', '3.9', 'Bulk Carrier', 'Bulk Carrier'),
('Steel', 'Seamless Steel Structural Tube', '', '', '', 'Bulk Carrier', 'Bulk Carrier'),
('Steel', 'Seamless Steel Tube', '', '', '', 'Bulk Carrier', 'Bulk Carrier'),
('Steel', 'Sound barrier with steel', '', '', '', 'Bulk Carrier', 'Bulk Carrier'),
('Steel', 'Steel Beams/Angles', '', '', '', 'Bulk Carrier', 'Bulk Carrier'),
('Steel', 'Steel Columns and Beams', '', '', '', 'Bulk Carrier', 'Bulk Carrier'),
('Steel', 'Steel Core Pile', '', '', '', 'Bulk Carrier', 'Bulk Carrier'),
('Steel', 'Steel Deformed Bars for Concrete Reinforcement', '', '', '', 'Bulk Carrier', 'Bulk Carrier'),
('Steel', 'Steel Low Relaxation Strand', '', '', '', 'Bulk Carrier', 'Bulk Carrier'),
('Steel', 'Steel Merchant Bar', '', '', '', 'Bulk Carrier', 'Bulk Carrier'),
('Steel', 'Steel Panel RIB, SSR cover, moldings or gutters', '', '', '', 'Bulk Carrier', 'Bulk Carrier'),
('Steel', 'Steel Pile', '', '', '', 'Bulk Carrier', 'Bulk Carrier'),
('Steel', 'Steel Pile', 'Steel Pile, 102.6 KgCO2e (GWP)', 'kg', '1.195804196', 'Bulk Carrier', 'Bulk Carrier'),
('Steel', 'Steel Pipe Piles', '', '', '', 'Bulk Carrier', 'Bulk Carrier'),
('Steel', 'Steel Pipe Piles', 'Steel Pipe Piles, S550J2H (Grade)', 'kg', '1.276913425', 'Bulk Carrier', 'Bulk Carrier'),
('Steel', 'Steel reinforcing bar manufactured from steel scrap', '', '', '', 'Bulk Carrier', 'Bulk Carrier'),
('Steel', 'Steel Wide Bay Square Profile', '', '', '', 'Bulk Carrier', 'Bulk Carrier'),
('Steel', 'Steel wide flange beam manufactured from steel scrap', '', '', '', 'Bulk Carrier', 'Bulk Carrier'),
('Steel', 'Steel wire rod manufactured from steel scrap', '', '', '', 'Bulk Carrier', 'Bulk Carrier'),
('Steel', 'Wire rod made from steel scrap', '', '', '', 'Bulk Carrier', 'Bulk Carrier'),
('Steel Roofing Deck', 'Steel Flooring System', '', '', '', 'Container', 'Bulk Carrier'),
('Steel Roofing Deck', 'Steel Flooring System', '', '', '', 'Container', 'Container'),
('Steel Roofing Deck', 'Steel Flooring System', '', '', '', 'Container', 'General Cargo'),
('Steel Roofing Deck', 'Steel Flooring System', 'Steel Flooring System, Ternium Losacero 25, 63.5mm (Height)', 'kg', '1.729', 'Container', 'Bulk Carrier'),
('Steel Roofing Deck', 'Steel Flooring System', 'Steel Flooring System, Ternium Losacero 25, 63.5mm (Height)', 'kg', '1.729', 'Container', 'Container'),
('Steel Roofing Deck', 'Steel Flooring System', 'Steel Flooring System, Ternium Losacero 25, 63.5mm (Height)', 'kg', '1.729', 'Container', 'General Cargo'),
('Steel Roofing Deck', 'Steel Flooring System', 'Steel Flooring System, Ternium Losacero 30, 76.2mm (Height)', 'kg', '1.721', 'Container', 'Bulk Carrier'),
('Steel Roofing Deck', 'Steel Flooring System', 'Steel Flooring System, Ternium Losacero 30, 76.2mm (Height)', 'kg', '1.721', 'Container', 'Container'),
('Steel Roofing Deck', 'Steel Flooring System', 'Steel Flooring System, Ternium Losacero 30, 76.2mm (Height)', 'kg', '1.721', 'Container', 'General Cargo');


=AVERAGEIFS('Marine and Vehicle Emissions'!$J$4:$J$12,
			'Marine and Vehicle Emissions'!$A$4:$A$12,
			Backend!M5)


CREATE TABLE MarineEmissionFactor (
	shipping_method TEXT PRIMARY KEY,
	marine_emission_factor TEXT
);

INSERT INTO MarineEmissionFactor VALUES
('Container', '0.0094'),
('Bulk Carrier', '0.00393333333'),
('General Cargo', '0.0188333333');



CREATE TABLE RoadVehicleType (
	road_vehicle_type TEXT PRIMARY KEY,
	road_emission_factor TEXT	
);

INSERT INTO RoadVehicleType VALUES
('HGV average', '0.077'),
('HGV Rigid <= 7.5 tonnes', '0.364'),
('HGV Rigid 7.5 tonnes - 16 tonnes', '0.178'),
('HGV Rigid 16 - 32 tonnes', '0.106'),
('HGV Rigid > 32 tonnes', '0.052');


/*
Average
=IFERROR(
		IF(F6<>"",
		   AVERAGEIFS('Transport Database'!$I$3:$I$2000,'Transport Database'!$B$3:$B$2000,F6),
		   IF(D6<>"",
		   	AVERAGEIFS('Transport Database'!$I$3:$I$2000,'Transport Database'!$D$3:$D$2000,D6),
		   	IF(AND(D6=0,F6=""),
		   		"")))
		,0)

Minimum
=IF(AND(D6<>"",F6<>""),
	N6,
	IF(AND(D6<>"",F6=""),
		MIN(IF('Transport Database'!$D$3:$D$210=Backend!D6,'Transport Database'!$I$3:$I$210)),
		IF(AND(D6=0,F6=0),"")))
*/


CREATE TABLE CountryPort (
	country TEXT NOT NULL,
	port TEXT NOT NULL,
	average_sea_dist TEXT,
	PRIMARY KEY(country, port)
);

INSERT INTO CountryPort VALUES 
('Algeria', 'Skikda', '6587.103333'),
('Australia', 'Hedland', '1896.583333'),
('Australia', 'Sydney', '4430.836667'),
('Australia', 'Brisbane ', '3798.635'),
('Australia', 'Melbourne', '4035.106667'),
('Australia', 'Fremantle', '2380.65'),
('Australia', 'Adelaide', '3690.736667'),
('Australia', 'Christmas Islands', '806'),
('Australia', 'Dampier', '1826.86'),
('Australia', 'Darwin', '2056.683333'),
('Australia', 'Gladstone', '3748.436667'),
('Australia', 'Kembla', '4559.34'),
('Australia', 'Townsville', '3326.44'),
('Austria', 'Port of Vienna', '7788'),
('Bahrain', 'Khalifa Bin Salman', '3927.37'),
('Bangladesh', 'Chittagong', '1604.726667'),
('Belgium', 'Antwerp', '8588.716667'),
('Brazil', 'Santos', '9893.535'),
('Brunei', 'Muara', '816.52'),
('Cambodia', 'Phnom Penh', '780'),
('Cambodia', 'Sihanoukville', '613.46'),
('Canada', 'Port of Vancouver', '10666.41'),
('China', 'Shanghai', '2377.613333'),
('China', 'Shenzhen', '1656.61'),
('China', 'Ningbo-Zhoushan', '2361.325'),
('China', 'Guangzhou Harbor', '1644.436667'),
('China', 'Hong Kong, S.A.R', '1455.98'),
('China', 'Qingdao', '2675.883333'),
('China', 'Tianjin', '3013.253333'),
('China', 'Xiamen', '1667.255'),
('China', 'Dalian', '2821.693333'),
('China', 'Yingkou', '3095.093333'),
('China', 'Lianyunguang', '2746.12'),
('China', 'Rizhao', '2729.81'),
('China', 'Dongguan', '1682.255'),
('China', 'Fuzhou', '2036.893333'),
('China', 'Nanjing', '2543.056667'),
('China', 'Haikou', '1579'),
('China', 'Penglai', '3229'),
('China', 'Qinhuangdao', '3018.353333'),
('China', 'Zhanjiang', '1531.01'),
('China', 'Zhuhai', '1623.715'),
('Costa Rica', 'Puerto Limon', '11555.34'),
('Croatia', 'Rijeka', '6533.77'),
('Egypt', 'Alexandria', '5340.43'),
('Egypt', 'El Dekheila', '5158.72'),
('Egypt', 'Sokhna', '5137.325'),
('Fiji', 'Lautoka', '4856.046667'),
('Fiji', 'Suva', '4950.403333'),
('France', 'Dieppe', '8115'),
('France', 'Radicatel', '8112.6'),
('Germany', 'Hamburg', '8879.1'),
('Germany', 'Bremen', '8858.233333'),
('Germany', 'Bremerhaven', '8834.836667'),
('India', 'Jawarharlal Nehru Port (Nhava Sheva)', '2507.015'),
('India', 'Chennai', '1662.12'),
('India', 'Mundra', '2886.565'),
('India', 'Cochin', '1913.963333'),
('India', 'Haldia', '1782.06'),
('India', 'Mumbai', '2480.83'),
('Indonesia', 'Tanjung Priok', '558.07'),
('Indonesia', 'Port of Tanjung Perak', '867.37'),
('Indonesia', 'Belawan', '389.9433333'),
('Indonesia', 'Balikpapan', '1142.333333'),
('Indonesia', 'Batu Ampar', '30.64666667'),
('Indonesia', 'Buatan', '160.99'),
('Indonesia', 'Dumai', '166.93'),
('Indonesia', 'Jambi', '208.9633333'),
('Indonesia', 'Lobam', '0'),
('Indonesia', 'Padang', '1022.3'),
('Indonesia', 'Palembang', '283.11'),
('Indonesia', 'Pekanbaru', '190.4933333'),
('Indonesia', 'Perawang', '152.91'),
('Indonesia', 'Pontianak', '368.8066667'),
('Indonesia', 'Sekupang', '33.5'),
('Indonesia', 'Selat Panjang', '543.2'),
('Indonesia', 'Sungai Guntung', '61.48'),
('Indonesia', 'Surabaya', '769.555'),
('Indonesia', 'Tanjung Bara', '1313.055'),
('Indonesia', 'Tanjung Pinang', '72.625'),
('Indonesia', 'Tebing Tinggi', '291.65'),
('Indonesia', 'Tembilahan', '197'),
('Iran', 'Bandar Abbas', '3553.68'),
('Iraq', 'Umm Qasr', '4176.665'),
('Ireland', 'Dublin Port', '8417.753333'),
('Italy', 'Civitavecchia', '6247.05'),
('Italy', 'Genoa', '6693.29'),
('Italy', 'Livorno', '6642.96'),
('Italy', 'Manfredonia', '6048.7'),
('Italy', 'Porto Marghera', '6321.52'),
('Italy', 'Taranto', '5950.26'),
('Japan', 'Ports of Keihin', '3201.426667'),
('Japan', 'Ports of Hanshin ', '3435'),
('Japan', 'Hitachinaka', '2975.84'),
('Japan', 'Kobe', '2952.98'),
('Japan', 'Nagoya', '3057.933333'),
('Japan', 'Saiki', '2530.52'),
('Japan', 'Wakayama', '2922.473333'),
('Japan', 'Yokohama', '3199.98'),
('Jordan', 'Aqaba', '4991.49'),
('Kuwait', 'Shuaiba', '4017.45'),
('Malaysia', 'Bintulu', '643.525'),
('Malaysia', 'Kota Kinabalu', '876.6866667'),
('Malaysia', 'Kuching', '477.4633333'),
('Malaysia', 'Labuan', '794.1566667'),
('Malaysia', 'Miri', '706.2066667'),
('Malaysia', 'Pasir Gudang', '41.19'),
('Malaysia', 'Penang', '357.785'),
('Malaysia', 'Sandakan', '1089.826667'),
('Malaysia', 'Sibu', '557.0833333'),
('Malaysia', 'Port Klang', '189.4566667'),
('Mauritius', 'Port Louis', '3621.383333'),
('Mexico', 'Manzanillo', '10903.47667'),
('Mexico', 'Altamira', '12547.745'),
('Myanmar', 'Thilawa', '1184.8'),
('New Caledonia', 'Noumea', '4358.313333'),
('New Zealand', 'Auckland', '5291.383333'),
('New Zealand', 'Tauranga', '5369.54'),
('New Zealand', 'Marsden Point', '5224.953333'),
('Norway', 'Kristiansund', '8945.81'),
('Oman', 'Sohar', '3488.41'),
('Pakistan', 'Karachi', '2997.286667'),
('Pakistan', 'Port Qasim', '2891.845'),
('Panama', 'Colon', '11365.44667'),
('Papua New Guinea', 'Alotau', '2999.11'),
('Papua New Guinea', 'Kimbe', '3347.35'),
('Papua New Guinea', 'Lae', '3203.703333'),
('Papua New Guinea', 'Madang', '2823.4'),
('Papua New Guinea', 'Oro Bay', '3111.92'),
('Papua New Guinea', 'Port Moresby', '2980.36'),
('Papua New Guinea', 'Rabaul', '3323.72'),
('Philippines', 'Batangas International ', '1434.996667'),
('Philippines', 'Davao', '1609.976667'),
('Philippines', 'Isabel', '1770.51'),
('Philippines', 'Manila', '1432.563333'),
('Philippines', 'Subic Bay', '1430.926667'),
('Poland', 'Port of Gdańsk', '9439.79'),
('Qatar', 'Hamad', '3621.66'),
('Russia', 'St Petersburg', '9893.283333'),
('Saudi Arabia', 'Dammam', '3975.095'),
('Saudi Arabia', 'Jeddah', '4417.79'),
('Saudi Arabia', 'Jizan', '4024.55'),
('Saudi Arabia', 'Jubail', '4000.565'),
('Saudi Arabia', 'Yanbu', '4600.26'),
('Solomon Islands', 'Honiara', '3828.626667'),
('South Africa', 'Durban', '5248.04'),
('South Korea', 'Busan', '2749.216667'),
('South Korea', 'Daebul', '2414.77'),
('South Korea', 'Dangjin', '2558.71'),
('South Korea', 'Gunsan', '2493.95'),
('South Korea', 'Incheon', '2568.675'),
('South Korea', 'Kwangyang', '2471.83'),
('South Korea', 'Masan', '2508.18'),
('South Korea', 'Onsan', '2891.845'),
('South Korea', 'Pohang', '2791.606667'),
('South Korea', 'Pyeongtaek', '2909.97'),
('South Korea', 'Ulsan', '2902.51'),
('Spain', 'Algeciras', '7453.653333'),
('Spain', 'Barcelona', '6841.136667'),
('Spain', 'Bilbao', '8079.4'),
('Sri Lanka', 'Colombo', '1587.936667'),
('Sudan', 'Port Sudan', '4410.47'),
('Switzerland', 'Port of Switzerland', '8742.91'),
('Taiwan', 'Kaohsiung', '1815.123333'),
('Taiwan', 'Taichung', '1969.5'),
('Thailand', 'Laem Chabang', '813.5233333'),
('Thailand', 'Bangkok Port', '868.6433333'),
('Thailand', 'Map Ta Phut', '799.66'),
('Thailand', 'Songkhla', '503.885'),
('Thailand', 'Si Racha', '810.38'),
('The Netherlands', 'Rotterdam', '8618.676667'),
('Turkey', 'Derince', '6142.503333'),
('UK', 'Felixstowe', '8539.17'),
('UK', 'Cambeltown', '8243'),
('Ukraine', 'Port of Odessa', '6434.283333'),
('United Arab Emirates', 'Jebel Ali', '3685.56'),
('USA', 'Los Angeles', '10630.80667'),
('USA', 'Long Beach ', '10631.77667'),
('USA', 'New York', '10477.59667'),
('USA', 'Seattle-Tacoma NW Seaport Alliance', '7065.665'),
('USA', 'Albany', '10250'),
('USA', 'Baltimore', '10404.95'),
('USA', 'Camden', '10272.33'),
('USA', 'Charleston', '10880.49'),
('USA', 'Corpus Christi', '12232.4'),
('USA', 'Houston', '12056.22667'),
('USA', 'Lake Charles', '12125.83333'),
('USA', 'Morehead City', '10664.09667'),
('USA', 'New Orleans', '11976.76'),
('USA', 'Newport News', '10740.5'),
('USA', 'Norfolk', '10584.86667'),
('USA', 'Philadelphia', '10572.48333'),
('USA', 'Port Hueneme', '12110.295'),
('USA', 'Savanah', '10968.68'),
('Vietnam', 'Saigon Port', '699.0933333'),
('Vietnam', 'Cai Mep', '612.35'),
('Vietnam', 'Da Nang Port', '1125.683333'),
('Vietnam', 'Haiphong', '1425.99');







-- Structure + Plastic
-- Product subcategory	Product Type	Product Name	Country of Import	Port	Amount of Product	Functional Unit	GWP / 1 Functional Unit

-- Structure + Plastic + Finishes + Fittings
-- Recommended Shipping Method 	Shipping Method 	Sea Distance/nm

-- Structure + Plastic + Finishes + Enclosure + Fittings
-- Road Vehicle Type	Port to Site Road Distance within Singapore (km)	Road Emission Factor (KgCO2e/tkm)	Material EC (KgCO2e)	Sea and Land Transport EC (KgCO2e)	Total EC (KgCO2e)

-- Machinery Information
-- Type of Machinery	Brand	Model	Hours of Usage (hr)	Machinery EC

-- Fuel Consumption
-- Fuel Consumption (litre)	Remarks	Machinery EC (fuel)